text,label
"This product is absolutely amazing! Outstanding quality, fast shipping, and easy setup.",Positive
"Terrible experience. The item broke within 2 days of light use and customer service refused a refund.",Negative
"Decent overall. Works as advertised but nothing particularly exceptional. Average build quality.",Neutral
"I am blown away by how well this works! Exceeded all my expectations. Highly recommended!",Positive
"Complete waste of money. Faulty software, non-existent support, and constant crashes.",Negative
"It is okay. Arrived on time and functions properly for basic needs.",Neutral
"Best purchase I have made all year! Incredible battery life and ultra fast performance.",Positive
"Extremely disappointed. Very poor materials, uncomfortable design, and missing parts.",Negative
"Standard product. It gets the job done without any fancy extras.",Neutral
"Five stars! The build quality is top tier and customer care was super helpful and friendly.",Positive
"Horrible product. Stopped working after one week. Save your money and look elsewhere.",Negative
"Fairly average product. Meets expectations but nothing to write home about.",Neutral
"Super impressed with the speed and crisp display! Will definitely buy from this brand again.",Positive
"A total nightmare. Arrived damaged, late, and didn't match the online product description.",Negative
"Works fine. No complaints but no real surprises either.",Neutral
"Brilliant engineering and beautiful sleek design. Worth every single penny!",Positive
"Awful user interface. Very confusing controls and terrible lag. Do not buy.",Negative
"Satisfactory quality. Fits well and performs adequately for daily use.",Neutral
"Exceptional value for money! Fast delivery and robust performance under heavy workload.",Positive
"Disastrous experience! Refund process took over a month and item failed immediately.",Negative
"Acceptable product for the price point. Simple to use.",Neutral
"Fantastic customer support! Solved my issue in minutes and sent a free replacement.",Positive
"Worst gadget ever bought. Overheats within 10 minutes and battery drains rapidly.",Negative
"Functions as intended. Nothing special but no major flaws either.",Neutral
"I love everything about this item! High performance, super durable, and great battery life.",Positive
"Defective on arrival. Power button was stuck and screen would not turn on at all.",Negative
"Reasonable quality. Good enough for casual use.",Neutral
"Pure excellence! Exceeded my expectations in every imaginable way.",Positive
"Subpar performance and cheap plastic body. Very regretful purchase.",Negative
"It works fine. Packaging was neat and delivery was prompt.",Neutral
"Super smooth user interface, crisp audio, and fantastic ergonomics. 10 out of 10!",Positive
"Completely unusable. Frustrating setup process and constant disconnection errors.",Negative
"It is fine for basic tasks. Does what it says on the box.",Neutral
"Impressed with the sleek aesthetic and lighting fast response time!",Positive
"Poor build quality and cheap materials. Expected much better for this price.",Negative
"Meets standard requirements. Neither bad nor outstanding.",Neutral
"Unbelievably good product! My entire team loves using it daily.",Positive
"Terrible customer service and broken hardware right out of the box.",Negative
"Neutral feeling about this. Works reasonably well for simple routines.",Neutral
"A true game changer! Saved me hours of work every single day.",Positive
